{"stats":{"minecraft:mined":{"minecraft:sea_lantern":1,"minecraft:shulker_box":5,"minecraft:obsidian":1,"minecraft:lever":1,"minecraft:granite":316,"minecraft:stone_button":2,"minecraft:grass_block":14,"minecraft:stone_brick_wall":2,"minecraft:white_stained_glass":2,"minecraft:redstone_wire":22,"minecraft:deepslate_bricks":11,"minecraft:hopper":15,"minecraft:kelp":56,"minecraft:oak_wall_sign":1,"minecraft:smooth_stone":17,"minecraft:deepslate_brick_slab":37,"minecraft:iron_ore":10,"minecraft:sticky_piston":19,"minecraft:andesite":194,"minecraft:anvil":16,"minecraft:bookshelf":1,"minecraft:stone":4040,"minecraft:piston_head":1,"minecraft:redstone_block":1,"minecraft:kelp_plant":1,"minecraft:stone_brick_slab":1,"minecraft:observer":47,"minecraft:oak_fence":2,"minecraft:crafting_table":1,"minecraft:torch":21,"minecraft:note_block":4,"minecraft:dropper":18,"minecraft:chest":9,"minecraft:copper_ore":23,"minecraft:oak_planks":16,"minecraft:diorite":248,"minecraft:wall_torch":24,"minecraft:stone_stairs":37,"minecraft:repeater":1,"minecraft:coarse_dirt":1,"minecraft:trapped_chest":4,"minecraft:stone_brick_stairs":10,"minecraft:smooth_stone_slab":3,"minecraft:grass":1,"minecraft:coal_ore":76,"minecraft:oak_log":1,"minecraft:gravel":63,"minecraft:dirt":952,"minecraft:stone_bricks":73,"minecraft:chipped_anvil":1,"minecraft:gold_ore":2,"minecraft:piston":17,"minecraft:oak_leaves":6,"minecraft:deepslate":28},"minecraft:dropped":{"minecraft:stone_button":1,"minecraft:chipped_anvil":1,"minecraft:anvil":24,"minecraft:damaged_anvil":5,"minecraft:stone_stairs":1,"minecraft:shulker_box":1,"minecraft:stone":1},"minecraft:crafted":{"minecraft:stone_button":3,"minecraft:stone_stairs":4,"minecraft:crafting_table":1},"minecraft:custom":{"minecraft:inspect_dropper":18,"minecraft:mob_kills":13,"minecraft:interact_with_anvil":5,"minecraft:inspect_hopper":66,"minecraft:interact_with_crafting_table":1,"minecraft:open_barrel":3,"minecraft:open_shulker_box":7,"minecraft:leave_game":24,"minecraft:time_since_death":957221,"minecraft:climb_one_cm":214,"minecraft:sprint_one_cm":228572,"minecraft:walk_one_cm":1066790,"minecraft:drop":9,"minecraft:play_noteblock":8,"minecraft:talked_to_villager":23,"minecraft:play_time":957221,"minecraft:sneak_time":72407,"minecraft:walk_under_water_one_cm":83034,"minecraft:jump":1617,"minecraft:walk_on_water_one_cm":4610,"minecraft:total_world_time":975002,"minecraft:interact_with_furnace":2,"minecraft:pot_flower":1,"minecraft:time_since_rest":957221,"minecraft:damage_taken":1152,"minecraft:trigger_trapped_chest":32,"minecraft:damage_dealt":2600,"minecraft:interact_with_beacon":1,"minecraft:fly_one_cm":261875,"minecraft:open_chest":263,"minecraft:crouch_one_cm":262437,"minecraft:aviate_one_cm":134248,"minecraft:fall_one_cm":37657,"minecraft:inspect_dispenser":5},"minecraft:used":{"minecraft:oak_fence":4,"minecraft:enchanting_table":1,"minecraft:flint_and_steel":3,"minecraft:dispenser":2,"minecraft:redstone":248,"minecraft:oak_sign":8,"minecraft:chest":169,"minecraft:ender_chest":1,"minecraft:stone":1109,"minecraft:creeper_head":1,"minecraft:torch":138,"minecraft:soul_sand":2,"minecraft:dirt":158,"minecraft:anvil":33,"minecraft:target":3,"minecraft:hopper":276,"minecraft:stone_stairs":87,"minecraft:shulker_box":5,"minecraft:deepslate_brick_slab":73,"minecraft:granite":7,"minecraft:obsidian":16,"minecraft:stone_brick_slab":48,"minecraft:sea_lantern":2,"minecraft:lava_bucket":2,"minecraft:bookshelf":21,"minecraft:villager_spawn_egg":15,"minecraft:lantern":5,"minecraft:grass_block":69,"minecraft:stone_brick_stairs":86,"minecraft:barrel":1,"minecraft:stone_bricks":251,"minecraft:item_frame":44,"minecraft:repeater":63,"minecraft:redstone_lamp":4,"minecraft:magma_block":1,"minecraft:emerald_block":329,"minecraft:scaffolding":2,"minecraft:furnace":12,"minecraft:netherite_pickaxe":5305,"minecraft:trapped_chest":9,"minecraft:observer":105,"minecraft:water_bucket":2,"minecraft:diorite":9,"minecraft:damaged_anvil":1,"minecraft:dropper":50,"minecraft:gray_carpet":19,"minecraft:oak_planks":124,"minecraft:redstone_block":7,"minecraft:beacon":2,"minecraft:diamond_axe":35,"minecraft:stonecutter":1,"minecraft:deepslate_bricks":65,"minecraft:diamond_block":1,"minecraft:comparator":49,"minecraft:crafting_table":1,"minecraft:note_block":8,"minecraft:stone_brick_wall":60,"minecraft:spruce_log":11,"minecraft:redstone_torch":46,"minecraft:sticky_piston":59,"minecraft:piston":31,"minecraft:lever":2,"minecraft:flower_pot":1,"minecraft:firework_rocket":32,"minecraft:diamond_shovel":1011,"minecraft:stone_button":8,"minecraft:lectern":2,"minecraft:spruce_trapdoor":11,"minecraft:gravel":9,"minecraft:smithing_table":1,"minecraft:white_stained_glass":98,"minecraft:andesite":22,"minecraft:bucket":1,"minecraft:smooth_stone_slab":4,"minecraft:kelp":63,"minecraft:coarse_dirt":4,"minecraft:smooth_stone":257},"minecraft:killed":{"minecraft:villager":13},"minecraft:picked_up":{"minecraft:coarse_dirt":1,"minecraft:crafting_table":2,"minecraft:redstone_block":91,"minecraft:ender_chest":31,"minecraft:anvil":48,"minecraft:redstone_lamp":61,"minecraft:smithing_table":31,"minecraft:stone_slab":64,"minecraft:stone_brick_wall":74,"minecraft:stone_brick_stairs":137,"minecraft:stone_stairs":116,"minecraft:flint_and_steel":1,"minecraft:white_stained_glass":91,"minecraft:sticky_piston":110,"minecraft:smooth_stone_slab":65,"minecraft:item_frame":36,"minecraft:oak_sign":27,"minecraft:smooth_stone":159,"minecraft:comparator":81,"minecraft:bucket":3,"minecraft:redstone_torch":150,"minecraft:observer":115,"minecraft:lectern":1,"minecraft:chest":177,"minecraft:birch_sapling":1,"minecraft:spruce_trapdoor":120,"minecraft:piston":102,"minecraft:furnace":53,"minecraft:copper_ore":34,"minecraft:stick":2,"minecraft:stone":6788,"minecraft:oak_fence":67,"minecraft:torch":217,"minecraft:note_block":64,"minecraft:target":61,"minecraft:stone_button":64,"minecraft:diorite":482,"minecraft:redstone":127,"minecraft:netherite_pickaxe":1,"minecraft:deepslate_bricks":85,"minecraft:bookshelf":109,"minecraft:obsidian":53,"minecraft:magma_block":31,"minecraft:repeater":58,"minecraft:water_bucket":2,"minecraft:andesite":333,"minecraft:flint":6,"minecraft:lantern":59,"minecraft:dirt":1515,"minecraft:chipped_anvil":1,"minecraft:kelp":189,"minecraft:stone_bricks":349,"minecraft:gray_carpet":48,"minecraft:stonecutter":3,"minecraft:deepslate_brick_slab":103,"minecraft:iron_ore":15,"minecraft:oak_planks":95,"minecraft:soul_sand":30,"minecraft:scaffolding":247,"minecraft:emerald_block":28,"minecraft:stone_brick_slab":85,"minecraft:gravel":175,"minecraft:dropper":58,"minecraft:gold_ore":4,"minecraft:barrel":15,"minecraft:trapped_chest":60,"minecraft:sea_lantern":64,"minecraft:shulker_box":7,"minecraft:firework_rocket":32,"minecraft:dispenser":31,"minecraft:coal_ore":152,"minecraft:deepslate":56,"minecraft:lever":3,"minecraft:granite":570,"minecraft:oak_sapling":10,"minecraft:hopper":110}},"DataVersion":2730}