{"stats":{"minecraft:used":{"minecraft:stone_bricks":234,"minecraft:spruce_planks":188,"minecraft:stone_brick_slab":47,"minecraft:glass":254,"minecraft:torch":516,"minecraft:spruce_log":43,"minecraft:stripped_spruce_log":231,"minecraft:grass_block":8,"minecraft:stone_brick_stairs":58},"minecraft:dropped":{"minecraft:grass_block":5},"minecraft:custom":{"minecraft:jump":616,"minecraft:time_since_rest":66617,"minecraft:deaths":2,"minecraft:crouch_one_cm":2622,"minecraft:sprint_one_cm":44973,"minecraft:leave_game":1,"minecraft:play_time":74213,"minecraft:time_since_death":66594,"minecraft:walk_one_cm":196023,"minecraft:sneak_time":1748,"minecraft:total_world_time":74213,"minecraft:drop":5,"minecraft:fly_one_cm":463517}},"DataVersion":3955}