{"stats":{"minecraft:used":{"minecraft:stone_bricks":132,"minecraft:spruce_planks":81,"minecraft:stone_brick_slab":41,"minecraft:glass":254,"minecraft:torch":516,"minecraft:spruce_log":34,"minecraft:stripped_spruce_log":127,"minecraft:grass_block":3,"minecraft:stone_brick_stairs":58},"minecraft:dropped":{"minecraft:grass_block":2},"minecraft:custom":{"minecraft:jump":237,"minecraft:time_since_rest":30617,"minecraft:deaths":2,"minecraft:crouch_one_cm":2520,"minecraft:sprint_one_cm":10342,"minecraft:leave_game":1,"minecraft:play_time":38213,"minecraft:time_since_death":30594,"minecraft:walk_one_cm":102718,"minecraft:sneak_time":1602,"minecraft:total_world_time":38213,"minecraft:drop":2,"minecraft:fly_one_cm":272690}},"DataVersion":3955}