{"stats":{"minecraft:killed":{"minecraft:skeleton":1},"minecraft:custom":{"minecraft:time_since_rest":215007,"minecraft:sprint_one_cm":45190,"minecraft:walk_one_cm":159956,"minecraft:mob_kills":1,"minecraft:drop":4,"minecraft:damage_dealt":210,"minecraft:fly_one_cm":481442,"minecraft:open_chest":1,"minecraft:crouch_one_cm":1002,"minecraft:play_time":215007,"minecraft:sneak_time":4969,"minecraft:walk_under_water_one_cm":25099,"minecraft:jump":608,"minecraft:leave_game":1,"minecraft:time_since_death":215007,"minecraft:walk_on_water_one_cm":5619,"minecraft:total_world_time":215007},"minecraft:picked_up":{"minecraft:tipped_arrow":19,"minecraft:black_carpet":13,"minecraft:ominous_bottle":1,"minecraft:enchanted_book":1,"minecraft:wind_charge":8,"minecraft:bamboo_mosaic":64,"minecraft:wheat_seeds":4,"minecraft:crossbow":1,"minecraft:emerald":8,"minecraft:flow_armor_trim_smithing_template":2,"minecraft:enchanted_golden_apple":1},"minecraft:dropped":{"minecraft:dirt":1,"minecraft:vault":1,"minecraft:bamboo_mosaic":64,"minecraft:grass_block":1},"minecraft:used":{"minecraft:oak_log":1,"minecraft:dark_oak_planks":36,"minecraft:bamboo_mosaic":1,"minecraft:ominous_trial_key":4,"minecraft:mangrove_log":2,"minecraft:stripped_bamboo_block":1,"minecraft:stripped_jungle_log":2,"minecraft:spruce_door":1,"minecraft:acacia_log":1,"minecraft:acacia_door":1,"minecraft:stripped_acacia_log":1,"minecraft:dark_oak_log":36,"minecraft:birch_planks":1,"minecraft:stripped_birch_log":2,"minecraft:grass_block":42,"minecraft:mangrove_planks":1,"minecraft:oak_planks":1,"minecraft:jungle_log":1,"minecraft:black_carpet":190,"minecraft:spruce_planks":308,"minecraft:cherry_planks":1,"minecraft:stone":165,"minecraft:stripped_mangrove_log":1,"minecraft:glowstone":19,"minecraft:stripped_dark_oak_log":183,"minecraft:jungle_planks":1,"minecraft:birch_log":1,"minecraft:ochre_froglight":60,"minecraft:stripped_oak_log":2,"minecraft:stripped_cherry_log":1,"minecraft:acacia_planks":1,"minecraft:cherry_log":1,"minecraft:powder_snow_bucket":204,"minecraft:spruce_log":328,"minecraft:smooth_stone":46,"minecraft:bamboo_planks":1,"minecraft:stripped_spruce_log":281}},"DataVersion":3955}