{"stats":{"minecraft:used":{"minecraft:stone_bricks":372,"minecraft:spruce_planks":188,"minecraft:stone_brick_slab":47,"minecraft:glass":254,"minecraft:torch":516,"minecraft:spruce_log":43,"minecraft:stripped_spruce_log":283,"minecraft:grass_block":8,"minecraft:stone_brick_stairs":58},"minecraft:dropped":{"minecraft:grass_block":5},"minecraft:custom":{"minecraft:jump":661,"minecraft:time_since_rest":89478,"minecraft:deaths":2,"minecraft:crouch_one_cm":2622,"minecraft:sprint_one_cm":48380,"minecraft:leave_game":2,"minecraft:play_time":97074,"minecraft:time_since_death":89455,"minecraft:walk_one_cm":229614,"minecraft:sneak_time":1796,"minecraft:total_world_time":97074,"minecraft:drop":5,"minecraft:fly_one_cm":477180}},"DataVersion":3955}