{"stats":{"minecraft:used":{"minecraft:stone_bricks":199,"minecraft:spruce_planks":188,"minecraft:stone_brick_slab":41,"minecraft:glass":254,"minecraft:torch":516,"minecraft:spruce_log":43,"minecraft:stripped_spruce_log":219,"minecraft:grass_block":7,"minecraft:stone_brick_stairs":58},"minecraft:dropped":{"minecraft:grass_block":5},"minecraft:custom":{"minecraft:jump":534,"minecraft:time_since_rest":54617,"minecraft:deaths":2,"minecraft:crouch_one_cm":2600,"minecraft:sprint_one_cm":40902,"minecraft:leave_game":1,"minecraft:play_time":62213,"minecraft:time_since_death":54594,"minecraft:walk_one_cm":181447,"minecraft:sneak_time":1707,"minecraft:total_world_time":62213,"minecraft:drop":5,"minecraft:fly_one_cm":427279}},"DataVersion":3955}