{"stats":{"minecraft:killed":{"minecraft:skeleton":1},"minecraft:custom":{"minecraft:time_since_rest":83007,"minecraft:sprint_one_cm":18828,"minecraft:walk_one_cm":85003,"minecraft:mob_kills":1,"minecraft:drop":3,"minecraft:damage_dealt":200,"minecraft:fly_one_cm":180744,"minecraft:crouch_one_cm":338,"minecraft:play_time":83007,"minecraft:sneak_time":2070,"minecraft:walk_under_water_one_cm":24348,"minecraft:jump":294,"minecraft:leave_game":1,"minecraft:time_since_death":83007,"minecraft:walk_on_water_one_cm":5347,"minecraft:total_world_time":83007},"minecraft:picked_up":{"minecraft:bamboo_mosaic":64,"minecraft:wheat_seeds":2},"minecraft:dropped":{"minecraft:dirt":1,"minecraft:bamboo_mosaic":64,"minecraft:grass_block":1},"minecraft:used":{"minecraft:oak_log":1,"minecraft:dark_oak_planks":36,"minecraft:bamboo_mosaic":1,"minecraft:mangrove_log":2,"minecraft:stripped_bamboo_block":1,"minecraft:stripped_jungle_log":2,"minecraft:spruce_door":1,"minecraft:acacia_log":1,"minecraft:acacia_door":1,"minecraft:stripped_acacia_log":1,"minecraft:dark_oak_log":36,"minecraft:birch_planks":1,"minecraft:stripped_birch_log":2,"minecraft:grass_block":42,"minecraft:mangrove_planks":1,"minecraft:oak_planks":1,"minecraft:jungle_log":1,"minecraft:black_carpet":190,"minecraft:spruce_planks":21,"minecraft:cherry_planks":1,"minecraft:stone":148,"minecraft:stripped_mangrove_log":1,"minecraft:stripped_dark_oak_log":183,"minecraft:jungle_planks":1,"minecraft:birch_log":1,"minecraft:stripped_oak_log":2,"minecraft:stripped_cherry_log":1,"minecraft:acacia_planks":1,"minecraft:cherry_log":1,"minecraft:powder_snow_bucket":204,"minecraft:spruce_log":324,"minecraft:smooth_stone":46,"minecraft:bamboo_planks":1,"minecraft:stripped_spruce_log":281}},"DataVersion":3955}