{"stats":{"minecraft:mined":{"minecraft:black_carpet":3},"minecraft:picked_up":{"minecraft:wooden_axe":1,"minecraft:black_carpet":16,"minecraft:ominous_bottle":1,"minecraft:powder_snow_bucket":1,"minecraft:enchanted_book":1,"minecraft:gunpowder":3,"minecraft:wind_charge":8,"minecraft:glass":1,"minecraft:acacia_planks":132,"minecraft:stone_bricks":1,"minecraft:wheat_seeds":4,"minecraft:bucket":33,"minecraft:enchanted_golden_apple":1,"minecraft:tipped_arrow":19,"minecraft:redstone":4,"minecraft:bamboo_mosaic":64,"minecraft:rotten_flesh":4,"minecraft:crossbow":1,"minecraft:flow_armor_trim_smithing_template":2,"minecraft:emerald":8,"minecraft:mutton":1,"minecraft:white_wool":1,"minecraft:diamond_pickaxe":1},"minecraft:dropped":{"minecraft:stripped_mangrove_log":64,"minecraft:zombie_spawn_egg":1,"minecraft:wheat_seeds":2,"minecraft:black_carpet":1,"minecraft:vault":1,"minecraft:stripped_dark_oak_log":1,"minecraft:rotten_flesh":4,"minecraft:bamboo_mosaic":128,"minecraft:stripped_jungle_log":64,"minecraft:grass_block":2,"minecraft:stick":1,"minecraft:dirt":1,"minecraft:dark_oak_log":1,"minecraft:powder_snow_bucket":1,"minecraft:spruce_planks":2,"minecraft:diamond_pickaxe":1,"minecraft:ochre_froglight":1,"minecraft:mutton":1,"minecraft:glowstone":1,"minecraft:stripped_birch_log":64,"minecraft:stripped_cherry_log":64,"minecraft:stone_bricks":1,"minecraft:stripped_acacia_log":64,"minecraft:spruce_log":3,"minecraft:dark_oak_planks":1,"minecraft:bucket":84,"minecraft:white_wool":1,"minecraft:redstone":4,"minecraft:spawner":1},"minecraft:used":{"minecraft:tuff_bricks":18,"minecraft:bamboo_mosaic":1,"minecraft:acacia_log":1,"minecraft:spruce_door":1,"minecraft:stripped_acacia_log":1,"minecraft:birch_planks":1,"minecraft:stripped_birch_log":2,"minecraft:spruce_slab":15,"minecraft:mangrove_planks":1,"minecraft:oak_planks":1,"minecraft:black_carpet":370,"minecraft:spruce_planks":417,"minecraft:cherry_planks":1,"minecraft:stone":173,"minecraft:zombie_spawn_egg":1,"minecraft:cracked_stone_bricks":1,"minecraft:torch":174,"minecraft:stripped_dark_oak_log":183,"minecraft:jungle_planks":1,"minecraft:phantom_spawn_egg":1,"minecraft:ochre_froglight":60,"minecraft:spruce_log":350,"minecraft:stripped_spruce_log":329,"minecraft:oak_log":1,"minecraft:polished_tuff":4,"minecraft:glass":138,"minecraft:dark_oak_planks":36,"minecraft:mangrove_log":2,"minecraft:ominous_trial_key":4,"minecraft:stripped_jungle_log":2,"minecraft:acacia_door":1,"minecraft:stripped_bamboo_block":1,"minecraft:dark_oak_log":36,"minecraft:grass_block":71,"minecraft:jungle_log":1,"minecraft:spawner":2,"minecraft:spruce_trapdoor":12,"minecraft:stone_brick_stairs":102,"minecraft:stone_bricks":26,"minecraft:smooth_basalt":4,"minecraft:stripped_mangrove_log":1,"minecraft:glowstone":19,"minecraft:birch_log":1,"minecraft:bucket":1,"minecraft:stripped_oak_log":2,"minecraft:stripped_cherry_log":1,"minecraft:acacia_planks":9,"minecraft:cherry_log":1,"minecraft:powder_snow_bucket":382,"minecraft:smooth_stone":50,"minecraft:bamboo_planks":1},"minecraft:killed":{"minecraft:witch":1,"minecraft:creeper":1,"minecraft:sheep":1,"minecraft:skeleton":2,"minecraft:zombie":1},"minecraft:custom":{"minecraft:mob_kills":8,"minecraft:leave_game":4,"minecraft:time_since_death":21534,"minecraft:time_since_rest":21563,"minecraft:sprint_one_cm":87589,"minecraft:walk_one_cm":247114,"minecraft:drop":41,"minecraft:damage_dealt":1615,"minecraft:fly_one_cm":932040,"minecraft:open_chest":1,"minecraft:crouch_one_cm":5867,"minecraft:play_time":286767,"minecraft:deaths":5,"minecraft:sneak_time":7276,"minecraft:walk_under_water_one_cm":25099,"minecraft:jump":1121,"minecraft:walk_on_water_one_cm":5739,"minecraft:total_world_time":286767,"minecraft:fall_one_cm":209}},"DataVersion":3955}