{"stats":{"minecraft:used":{"minecraft:stone_bricks":173,"minecraft:spruce_planks":187,"minecraft:stone_brick_slab":41,"minecraft:glass":254,"minecraft:torch":516,"minecraft:spruce_log":41,"minecraft:stripped_spruce_log":204,"minecraft:grass_block":6,"minecraft:stone_brick_stairs":58},"minecraft:dropped":{"minecraft:grass_block":5},"minecraft:custom":{"minecraft:jump":443,"minecraft:time_since_rest":42617,"minecraft:deaths":2,"minecraft:crouch_one_cm":2550,"minecraft:sprint_one_cm":30807,"minecraft:leave_game":1,"minecraft:play_time":50213,"minecraft:time_since_death":42594,"minecraft:walk_one_cm":159614,"minecraft:sneak_time":1670,"minecraft:total_world_time":50213,"minecraft:drop":5,"minecraft:fly_one_cm":374050}},"DataVersion":3955}