{"stats":{"minecraft:used":{"minecraft:stone_bricks":102,"minecraft:stone_brick_slab":35,"minecraft:glass":254,"minecraft:torch":516,"minecraft:spruce_log":28,"minecraft:stripped_spruce_log":111,"minecraft:grass_block":2,"minecraft:stone_brick_stairs":58},"minecraft:dropped":{"minecraft:grass_block":1},"minecraft:custom":{"minecraft:jump":133,"minecraft:time_since_rest":18617,"minecraft:deaths":2,"minecraft:crouch_one_cm":2520,"minecraft:sprint_one_cm":6138,"minecraft:leave_game":1,"minecraft:play_time":26213,"minecraft:time_since_death":18594,"minecraft:walk_one_cm":65708,"minecraft:sneak_time":1558,"minecraft:total_world_time":26213,"minecraft:drop":1,"minecraft:fly_one_cm":224143}},"DataVersion":3955}