{"stats":{"minecraft:dropped":{"minecraft:dirt":1,"minecraft:bamboo_mosaic":64},"minecraft:custom":{"minecraft:time_since_rest":53030,"minecraft:sprint_one_cm":16795,"minecraft:walk_one_cm":39513,"minecraft:drop":2,"minecraft:fly_one_cm":135000,"minecraft:crouch_one_cm":226,"minecraft:play_time":53030,"minecraft:sneak_time":1360,"minecraft:walk_under_water_one_cm":24348,"minecraft:jump":172,"minecraft:leave_game":1,"minecraft:walk_on_water_one_cm":5347,"minecraft:time_since_death":53030,"minecraft:total_world_time":53030},"minecraft:picked_up":{"minecraft:bamboo_mosaic":64,"minecraft:wheat_seeds":2},"minecraft:used":{"minecraft:oak_log":1,"minecraft:dark_oak_planks":1,"minecraft:bamboo_mosaic":1,"minecraft:mangrove_log":2,"minecraft:dark_oak_log":1,"minecraft:spruce_door":1,"minecraft:acacia_door":1,"minecraft:acacia_log":1,"minecraft:stripped_bamboo_block":1,"minecraft:stripped_jungle_log":2,"minecraft:stripped_acacia_log":1,"minecraft:birch_planks":1,"minecraft:stripped_birch_log":2,"minecraft:grass_block":9,"minecraft:mangrove_planks":1,"minecraft:oak_planks":1,"minecraft:jungle_log":1,"minecraft:spruce_planks":1,"minecraft:cherry_planks":1,"minecraft:stone":113,"minecraft:stripped_mangrove_log":1,"minecraft:stripped_dark_oak_log":1,"minecraft:jungle_planks":1,"minecraft:birch_log":1,"minecraft:stripped_oak_log":2,"minecraft:stripped_cherry_log":1,"minecraft:acacia_planks":1,"minecraft:cherry_log":1,"minecraft:spruce_log":1,"minecraft:bamboo_planks":1,"minecraft:stripped_spruce_log":2}},"DataVersion":3955}