{"stats":{"minecraft:killed":{"minecraft:skeleton":1},"minecraft:custom":{"minecraft:time_since_rest":231227,"minecraft:sprint_one_cm":48548,"minecraft:walk_one_cm":188863,"minecraft:mob_kills":1,"minecraft:drop":25,"minecraft:damage_dealt":210,"minecraft:fly_one_cm":514494,"minecraft:open_chest":1,"minecraft:crouch_one_cm":1002,"minecraft:play_time":231227,"minecraft:sneak_time":5060,"minecraft:walk_under_water_one_cm":25099,"minecraft:jump":631,"minecraft:leave_game":2,"minecraft:time_since_death":231227,"minecraft:walk_on_water_one_cm":5739,"minecraft:total_world_time":231227},"minecraft:picked_up":{"minecraft:tipped_arrow":19,"minecraft:black_carpet":13,"minecraft:ominous_bottle":1,"minecraft:enchanted_book":1,"minecraft:wind_charge":8,"minecraft:bamboo_mosaic":64,"minecraft:wheat_seeds":4,"minecraft:bucket":1,"minecraft:crossbow":1,"minecraft:emerald":8,"minecraft:flow_armor_trim_smithing_template":2,"minecraft:enchanted_golden_apple":1},"minecraft:dropped":{"minecraft:stripped_mangrove_log":64,"minecraft:dirt":1,"minecraft:wheat_seeds":2,"minecraft:dark_oak_log":1,"minecraft:ochre_froglight":1,"minecraft:glowstone":1,"minecraft:vault":1,"minecraft:stripped_dark_oak_log":1,"minecraft:stripped_birch_log":64,"minecraft:stripped_cherry_log":64,"minecraft:bamboo_mosaic":128,"minecraft:spruce_log":2,"minecraft:stripped_acacia_log":64,"minecraft:stripped_jungle_log":64,"minecraft:dark_oak_planks":1,"minecraft:bucket":52,"minecraft:grass_block":1,"minecraft:stick":1},"minecraft:used":{"minecraft:oak_log":1,"minecraft:dark_oak_planks":36,"minecraft:bamboo_mosaic":1,"minecraft:ominous_trial_key":4,"minecraft:mangrove_log":2,"minecraft:stripped_bamboo_block":1,"minecraft:stripped_jungle_log":2,"minecraft:spruce_door":1,"minecraft:acacia_log":1,"minecraft:acacia_door":1,"minecraft:stripped_acacia_log":1,"minecraft:dark_oak_log":36,"minecraft:birch_planks":1,"minecraft:stripped_birch_log":2,"minecraft:grass_block":42,"minecraft:mangrove_planks":1,"minecraft:oak_planks":1,"minecraft:jungle_log":1,"minecraft:black_carpet":367,"minecraft:spruce_planks":417,"minecraft:cherry_planks":1,"minecraft:stone":173,"minecraft:stripped_mangrove_log":1,"minecraft:glowstone":19,"minecraft:stripped_dark_oak_log":183,"minecraft:jungle_planks":1,"minecraft:birch_log":1,"minecraft:ochre_froglight":60,"minecraft:stripped_oak_log":2,"minecraft:stripped_cherry_log":1,"minecraft:acacia_planks":1,"minecraft:cherry_log":1,"minecraft:powder_snow_bucket":381,"minecraft:spruce_log":347,"minecraft:smooth_stone":46,"minecraft:bamboo_planks":1,"minecraft:stripped_spruce_log":281}},"DataVersion":3955}