{"stats":{"minecraft:used":{"minecraft:stone_bricks":234,"minecraft:spruce_planks":188,"minecraft:stone_brick_slab":47,"minecraft:glass":254,"minecraft:torch":516,"minecraft:spruce_log":43,"minecraft:stripped_spruce_log":240,"minecraft:grass_block":8,"minecraft:stone_brick_stairs":58},"minecraft:dropped":{"minecraft:grass_block":5},"minecraft:custom":{"minecraft:jump":623,"minecraft:time_since_rest":78617,"minecraft:deaths":2,"minecraft:crouch_one_cm":2622,"minecraft:sprint_one_cm":45211,"minecraft:leave_game":1,"minecraft:play_time":86213,"minecraft:time_since_death":78594,"minecraft:walk_one_cm":197961,"minecraft:sneak_time":1796,"minecraft:total_world_time":86213,"minecraft:drop":5,"minecraft:fly_one_cm":466561}},"DataVersion":3955}