{"stats":{"minecraft:used":{"minecraft:stone_bricks":6,"minecraft:stone_brick_slab":34,"minecraft:glass":254,"minecraft:torch":516,"minecraft:spruce_log":27,"minecraft:stripped_spruce_log":14,"minecraft:grass_block":2,"minecraft:stone_brick_stairs":54},"minecraft:dropped":{"minecraft:grass_block":1},"minecraft:custom":{"minecraft:jump":76,"minecraft:time_since_rest":6617,"minecraft:deaths":2,"minecraft:crouch_one_cm":1238,"minecraft:sprint_one_cm":3668,"minecraft:leave_game":1,"minecraft:play_time":14213,"minecraft:time_since_death":6594,"minecraft:walk_one_cm":30864,"minecraft:sneak_time":1062,"minecraft:total_world_time":14213,"minecraft:drop":1,"minecraft:fly_one_cm":170265}},"DataVersion":3955}