{"stats":{"minecraft:killed":{"minecraft:cow":1},"minecraft:dropped":{"minecraft:leather":2,"minecraft:beef":1},"minecraft:picked_up":{"minecraft:leather":2,"minecraft:beef":1,"minecraft:shulker_box":3,"minecraft:egg":1},"minecraft:custom":{"minecraft:time_since_rest":29969,"minecraft:open_chest":70,"minecraft:interact_with_smithing_table":1,"minecraft:open_shulker_box":3,"minecraft:crouch_one_cm":418,"minecraft:interact_with_furnace":4,"minecraft:play_time":29969,"minecraft:sprint_one_cm":45755,"minecraft:open_enderchest":2,"minecraft:damage_taken":80,"minecraft:walk_one_cm":16137,"minecraft:sneak_time":700,"minecraft:trigger_trapped_chest":8,"minecraft:walk_under_water_one_cm":56651,"minecraft:mob_kills":1,"minecraft:drop":2,"minecraft:jump":127,"minecraft:inspect_hopper":18,"minecraft:damage_dealt":100,"minecraft:walk_on_water_one_cm":569,"minecraft:time_since_death":29969,"minecraft:total_world_time":29969,"minecraft:swim_one_cm":13892,"minecraft:fall_one_cm":2986,"minecraft:fly_one_cm":42812},"minecraft:mined":{"minecraft:short_grass":1},"minecraft:used":{"minecraft:redstone_torch":9,"minecraft:bamboo_trapdoor":4,"minecraft:shulker_box":8,"minecraft:egg":1}},"DataVersion":3955}