{"stats":{"minecraft:killed":{"minecraft:pig":11,"minecraft:zombie_villager":1,"minecraft:skeleton":1,"minecraft:sheep":9,"minecraft:zombie":7,"minecraft:cow":17},"minecraft:dropped":{"minecraft:seagrass":38,"minecraft:wooden_pickaxe":1},"minecraft:mined":{"minecraft:white_bed":4,"minecraft:crafting_table":7,"minecraft:torch":2,"minecraft:granite":4,"minecraft:short_grass":4,"minecraft:grass_block":5,"minecraft:cobblestone":10,"minecraft:sugar_cane":7,"minecraft:seagrass":13,"minecraft:tall_seagrass":8,"minecraft:furnace":5,"minecraft:birch_log":12,"minecraft:iron_ore":35,"minecraft:birch_leaves":5,"minecraft:andesite":3,"minecraft:pumpkin":1,"minecraft:coal_ore":94,"minecraft:dirt":18,"minecraft:stone":72,"minecraft:oak_leaves":1,"minecraft:white_wool":2},"minecraft:custom":{"minecraft:interact_with_furnace":35,"minecraft:mob_kills":46,"minecraft:animals_bred":4,"minecraft:interact_with_crafting_table":19,"minecraft:leave_game":3,"minecraft:time_since_death":56299,"minecraft:sleep_in_bed":5,"minecraft:time_since_rest":2395,"minecraft:sprint_one_cm":157705,"minecraft:damage_taken":235,"minecraft:walk_one_cm":22736,"minecraft:damage_blocked_by_shield":135,"minecraft:drop":3,"minecraft:damage_dealt":5386,"minecraft:swim_one_cm":46881,"minecraft:fly_one_cm":177049,"minecraft:crouch_one_cm":6310,"minecraft:play_time":56299,"minecraft:sneak_time":4826,"minecraft:walk_under_water_one_cm":4849,"minecraft:jump":1148,"minecraft:walk_on_water_one_cm":22692,"minecraft:total_world_time":56299,"minecraft:fall_one_cm":24442},"minecraft:crafted":{"minecraft:cooked_beef":4,"minecraft:cooked_porkchop":16,"minecraft:crafting_table":1,"minecraft:wooden_pickaxe":1,"minecraft:iron_helmet":1,"minecraft:iron_sword":1,"minecraft:furnace":1,"minecraft:bucket":1,"minecraft:birch_planks":48,"minecraft:stone_axe":1,"minecraft:cooked_mutton":7,"minecraft:air":0,"minecraft:iron_boots":1,"minecraft:iron_chestplate":1,"minecraft:shield":1,"minecraft:stick":20,"minecraft:iron_ingot":35,"minecraft:iron_pickaxe":1,"minecraft:stone_pickaxe":1,"minecraft:stone_sword":1,"minecraft:iron_leggings":1,"minecraft:white_bed":1,"minecraft:torch":44,"minecraft:shears":1},"minecraft:used":{"minecraft:water_bucket":10,"minecraft:stone_sword":47,"minecraft:stone_pickaxe":68,"minecraft:wooden_pickaxe":7,"minecraft:shield":2,"minecraft:iron_sword":85,"minecraft:iron_chestplate":1,"minecraft:white_wool":2,"minecraft:torch":30,"minecraft:dirt":20,"minecraft:crafting_table":8,"minecraft:white_bed":4,"minecraft:granite":4,"minecraft:birch_sapling":4,"minecraft:iron_pickaxe":163,"minecraft:iron_helmet":1,"minecraft:stone_axe":7,"minecraft:cobblestone":32,"minecraft:furnace":5,"minecraft:cooked_porkchop":4,"minecraft:andesite":3,"minecraft:bucket":11,"minecraft:cooked_beef":4,"minecraft:seagrass":2},"minecraft:picked_up":{"minecraft:birch_log":12,"minecraft:seagrass":48,"minecraft:crafting_table":8,"minecraft:andesite":3,"minecraft:leather":21,"minecraft:dirt":23,"minecraft:cooked_mutton":4,"minecraft:bone":2,"minecraft:wheat_seeds":1,"minecraft:beef":37,"minecraft:sugar_cane":12,"minecraft:birch_sapling":4,"minecraft:egg":1,"minecraft:furnace":5,"minecraft:stick":1,"minecraft:raw_iron":35,"minecraft:pumpkin":1,"minecraft:torch":3,"minecraft:porkchop":23,"minecraft:white_bed":4,"minecraft:arrow":1,"minecraft:rotten_flesh":4,"minecraft:granite":4,"minecraft:black_wool":3,"minecraft:mutton":18,"minecraft:coal":101,"minecraft:white_wool":8,"minecraft:cobblestone":95}},"DataVersion":3955}