{"stats":{"minecraft:killed":{"minecraft:cow":1},"minecraft:dropped":{"minecraft:leather":2,"minecraft:beef":1},"minecraft:picked_up":{"minecraft:leather":2,"minecraft:beef":1,"minecraft:shulker_box":3,"minecraft:egg":1},"minecraft:custom":{"minecraft:time_since_rest":17969,"minecraft:open_chest":32,"minecraft:interact_with_smithing_table":1,"minecraft:open_shulker_box":3,"minecraft:crouch_one_cm":262,"minecraft:interact_with_furnace":4,"minecraft:play_time":17969,"minecraft:sprint_one_cm":28079,"minecraft:open_enderchest":2,"minecraft:damage_taken":20,"minecraft:walk_one_cm":10311,"minecraft:sneak_time":381,"minecraft:trigger_trapped_chest":6,"minecraft:walk_under_water_one_cm":39523,"minecraft:mob_kills":1,"minecraft:drop":2,"minecraft:jump":107,"minecraft:damage_dealt":100,"minecraft:walk_on_water_one_cm":410,"minecraft:time_since_death":17969,"minecraft:total_world_time":17969,"minecraft:swim_one_cm":7515,"minecraft:fall_one_cm":2775,"minecraft:fly_one_cm":31203},"minecraft:mined":{"minecraft:short_grass":1},"minecraft:used":{"minecraft:shulker_box":8,"minecraft:egg":1}},"DataVersion":3955}