{"stats":{"minecraft:killed":{"minecraft:sheep":7,"minecraft:pig":8},"minecraft:mined":{"minecraft:grass_block":1,"minecraft:dirt":12,"minecraft:birch_log":12,"minecraft:stone":21,"minecraft:birch_leaves":2,"minecraft:crafting_table":2},"minecraft:custom":{"minecraft:time_since_rest":6293,"minecraft:play_time":6293,"minecraft:sprint_one_cm":17844,"minecraft:walk_one_cm":4833,"minecraft:sneak_time":160,"minecraft:mob_kills":15,"minecraft:jump":109,"minecraft:damage_dealt":1375,"minecraft:leave_game":2,"minecraft:time_since_death":6293,"minecraft:total_world_time":6293,"minecraft:fall_one_cm":836,"minecraft:interact_with_crafting_table":5,"minecraft:fly_one_cm":13379},"minecraft:crafted":{"minecraft:stone_sword":1,"minecraft:birch_planks":48,"minecraft:stone_axe":1,"minecraft:crafting_table":1,"minecraft:stick":8,"minecraft:wooden_pickaxe":1,"minecraft:stone_pickaxe":1},"minecraft:used":{"minecraft:stone_axe":1,"minecraft:stone_sword":32,"minecraft:dirt":3,"minecraft:crafting_table":2,"minecraft:stone_pickaxe":27,"minecraft:birch_sapling":4,"minecraft:wooden_pickaxe":7},"minecraft:picked_up":{"minecraft:birch_log":12,"minecraft:stick":1,"minecraft:crafting_table":2,"minecraft:porkchop":16,"minecraft:black_wool":2,"minecraft:mutton":9,"minecraft:white_wool":5,"minecraft:birch_sapling":4,"minecraft:dirt":13,"minecraft:cobblestone":21}},"DataVersion":3955}