{"stats":{"minecraft:killed":{"minecraft:sheep":9,"minecraft:zombie":5,"minecraft:pig":8,"minecraft:zombie_villager":1,"minecraft:cow":2},"minecraft:dropped":{"minecraft:wooden_pickaxe":1},"minecraft:mined":{"minecraft:white_bed":1,"minecraft:furnace":2,"minecraft:iron_ore":15,"minecraft:birch_log":12,"minecraft:andesite":2,"minecraft:birch_leaves":3,"minecraft:crafting_table":5,"minecraft:granite":2,"minecraft:grass_block":2,"minecraft:coal_ore":27,"minecraft:dirt":12,"minecraft:stone":25},"minecraft:custom":{"minecraft:time_since_rest":4843,"minecraft:interact_with_furnace":14,"minecraft:sprint_one_cm":48120,"minecraft:damage_taken":145,"minecraft:walk_one_cm":8605,"minecraft:mob_kills":25,"minecraft:drop":1,"minecraft:damage_dealt":2848,"minecraft:interact_with_crafting_table":13,"minecraft:fly_one_cm":38495,"minecraft:crouch_one_cm":741,"minecraft:play_time":18293,"minecraft:sneak_time":1039,"minecraft:walk_under_water_one_cm":291,"minecraft:jump":265,"minecraft:leave_game":2,"minecraft:walk_on_water_one_cm":3834,"minecraft:time_since_death":18293,"minecraft:sleep_in_bed":1,"minecraft:total_world_time":18293,"minecraft:fall_one_cm":6332},"minecraft:crafted":{"minecraft:cooked_beef":4,"minecraft:shield":1,"minecraft:crafting_table":1,"minecraft:stick":12,"minecraft:iron_pickaxe":1,"minecraft:iron_ingot":6,"minecraft:wooden_pickaxe":1,"minecraft:stone_pickaxe":1,"minecraft:stone_sword":1,"minecraft:iron_sword":1,"minecraft:furnace":1,"minecraft:white_bed":1,"minecraft:birch_planks":48,"minecraft:stone_axe":1,"minecraft:air":0},"minecraft:used":{"minecraft:stone_sword":47,"minecraft:stone_pickaxe":68,"minecraft:birch_sapling":4,"minecraft:iron_pickaxe":11,"minecraft:wooden_pickaxe":7,"minecraft:iron_sword":18,"minecraft:white_wool":2,"minecraft:stone_axe":5,"minecraft:dirt":4,"minecraft:crafting_table":5,"minecraft:furnace":3,"minecraft:white_bed":1,"minecraft:cooked_beef":2},"minecraft:picked_up":{"minecraft:birch_log":12,"minecraft:raw_iron":15,"minecraft:stick":1,"minecraft:crafting_table":5,"minecraft:andesite":2,"minecraft:leather":1,"minecraft:porkchop":16,"minecraft:white_bed":1,"minecraft:dirt":14,"minecraft:cooked_mutton":4,"minecraft:rotten_flesh":4,"minecraft:beef":4,"minecraft:granite":2,"minecraft:black_wool":3,"minecraft:birch_sapling":4,"minecraft:mutton":18,"minecraft:coal":29,"minecraft:white_wool":6,"minecraft:cobblestone":25,"minecraft:furnace":2}},"DataVersion":3955}