{"stats":{"minecraft:killed":{"minecraft:pig":8,"minecraft:zombie_villager":1,"minecraft:skeleton":1,"minecraft:sheep":9,"minecraft:zombie":7,"minecraft:cow":2},"minecraft:dropped":{"minecraft:wooden_pickaxe":1},"minecraft:mined":{"minecraft:white_bed":1,"minecraft:crafting_table":5,"minecraft:torch":2,"minecraft:granite":4,"minecraft:grass_block":2,"minecraft:cobblestone":10,"minecraft:furnace":2,"minecraft:birch_log":12,"minecraft:iron_ore":31,"minecraft:birch_leaves":3,"minecraft:andesite":3,"minecraft:coal_ore":34,"minecraft:dirt":12,"minecraft:stone":53,"minecraft:white_wool":2},"minecraft:custom":{"minecraft:interact_with_furnace":28,"minecraft:mob_kills":28,"minecraft:interact_with_crafting_table":17,"minecraft:leave_game":2,"minecraft:time_since_death":30293,"minecraft:sleep_in_bed":3,"minecraft:time_since_rest":2922,"minecraft:sprint_one_cm":83234,"minecraft:damage_taken":235,"minecraft:walk_one_cm":12226,"minecraft:damage_blocked_by_shield":135,"minecraft:drop":1,"minecraft:damage_dealt":3586,"minecraft:fly_one_cm":68747,"minecraft:crouch_one_cm":3726,"minecraft:play_time":30293,"minecraft:sneak_time":2696,"minecraft:walk_under_water_one_cm":291,"minecraft:jump":491,"minecraft:walk_on_water_one_cm":3834,"minecraft:total_world_time":30293,"minecraft:fall_one_cm":12571},"minecraft:crafted":{"minecraft:cooked_beef":4,"minecraft:cooked_porkchop":16,"minecraft:crafting_table":1,"minecraft:wooden_pickaxe":1,"minecraft:iron_helmet":1,"minecraft:iron_sword":1,"minecraft:furnace":1,"minecraft:birch_planks":48,"minecraft:stone_axe":1,"minecraft:cooked_mutton":7,"minecraft:air":0,"minecraft:iron_boots":1,"minecraft:iron_chestplate":1,"minecraft:shield":1,"minecraft:stick":20,"minecraft:iron_ingot":30,"minecraft:iron_pickaxe":1,"minecraft:stone_pickaxe":1,"minecraft:stone_sword":1,"minecraft:iron_leggings":1,"minecraft:white_bed":1,"minecraft:torch":44},"minecraft:used":{"minecraft:stone_sword":47,"minecraft:stone_pickaxe":68,"minecraft:wooden_pickaxe":7,"minecraft:shield":2,"minecraft:iron_sword":34,"minecraft:iron_chestplate":1,"minecraft:white_wool":2,"minecraft:torch":29,"minecraft:dirt":4,"minecraft:crafting_table":7,"minecraft:white_bed":2,"minecraft:granite":4,"minecraft:birch_sapling":4,"minecraft:iron_pickaxe":75,"minecraft:stone_axe":5,"minecraft:cobblestone":25,"minecraft:furnace":3,"minecraft:cooked_porkchop":1,"minecraft:cooked_beef":4},"minecraft:picked_up":{"minecraft:birch_log":12,"minecraft:crafting_table":6,"minecraft:andesite":3,"minecraft:leather":1,"minecraft:dirt":14,"minecraft:cooked_mutton":4,"minecraft:bone":2,"minecraft:beef":4,"minecraft:birch_sapling":4,"minecraft:furnace":2,"minecraft:stick":1,"minecraft:raw_iron":31,"minecraft:torch":2,"minecraft:porkchop":16,"minecraft:white_bed":1,"minecraft:arrow":1,"minecraft:rotten_flesh":4,"minecraft:granite":4,"minecraft:black_wool":3,"minecraft:mutton":18,"minecraft:coal":36,"minecraft:white_wool":8,"minecraft:cobblestone":77}},"DataVersion":3955}